Admin,First Bio Lab,First Bio Genetics,First Bio Lab of Illinois,AIM Laboratories,AMICO Dx,Enviro Labs,Stat Labs
SatishD,Yes.,Yes,Yes,Yes,Yes,Yes,Yes
JayM,Yes,Yes,Yes,Yes,Yes,Yes,Yes
AndrewS,,Yes,,Yes,,,
House,,,,,,,
AshlieT,Yes,Yes,Yes,Yes,Yes,Yes,Yes
VinceO,,,,,Yes,,
ACG,Yes.,Yes,Yes,Yes,Yes,Yes,Yes
SonnyN,,,,Yes,,,
MinaK,Yes,Yes,Yes,Yes,Yes,Yes,Yes
NickC,,,,,,,
MelindaC,Yes,Yes,Yes,Yes,Yes,Yes,Yes
Omar,Yes,Yes,Yes,Yes,Yes,Yes,Yes
DarangT,,,,Yes,Yes,,
BobS,Yes,Yes,Yes,Yes,Yes,Yes,Yes
BobSilverang,Yes,Yes,Yes,,,,Yes
AghaA,,,,Yes,,,
Wenjun,,,,Yes,,,
NickT,Yes,Yes,Yes,Yes,Yes,Yes,Yes
AndreaM,,,,Yes,,,
BenM,,,,,,,Yes
